
INSERT INTO PUBLISHER VALUES
    ('publisherName1', 'Address1','000-000-0001');
INSERT INTO PUBLISHER VALUES
    ('publisherName2', 'Address2','000-000-0002');
INSERT INTO PUBLISHER VALUES
    ('publisherName3', 'Address3','000-000-0003');
INSERT INTO PUBLISHER VALUES
    ('publisherName4', 'Address4','000-000-0004');
INSERT INTO PUBLISHER VALUES
    ('publisherName5', 'Address5','000-000-0005');
INSERT INTO PUBLISHER VALUES
    ('publisherName6', 'Address6','000-000-0006');
INSERT INTO PUBLISHER VALUES
    ('publisherName7', 'Address7','000-000-0007');
INSERT INTO PUBLISHER VALUES
    ('publisherName8', 'Address8','000-000-0008');
INSERT INTO PUBLISHER VALUES
    ('publisherName9', 'Address9','000-000-0009');
INSERT INTO PUBLISHER VALUES
    ('publisherName10', 'Address10','000-000-0010');
    
    
INSERT  INTO BOOK  VALUES 
    ('0001','bookTiltle1','publisherName1');
INSERT  INTO BOOK  VALUES 
    ('0002','bookTiltle2','publisherName2');
INSERT  INTO BOOK  VALUES 
    ('0003','bookTiltle3','publisherName3');
INSERT  INTO BOOK  VALUES 
    ('0004','bookTiltle4','publisherName4');
INSERT  INTO BOOK  VALUES 
    ('0005','bookTiltle5','publisherName5');
INSERT  INTO BOOK  VALUES 
    ('0006','bookTiltle6','publisherName6');
INSERT  INTO BOOK  VALUES 
    ('0007','bookTiltle7','publisherName7');
INSERT  INTO BOOK  VALUES 
    ('0008','bookTiltle8','publisherName8');
INSERT  INTO BOOK  VALUES 
    ('0009','bookTiltle9','publisherName9');
INSERT  INTO BOOK  VALUES 
    ('0010','bookTiltle10','publisherName10');
    
    
INSERT INTO BORROWER VALUES
    ('00000001','Name1','Adress1','000-000-0001');
INSERT INTO BORROWER VALUES
    ('00000002','Name2','Adress2','000-000-0002');
INSERT INTO BORROWER VALUES
    ('00000003','Name3','Adress3','000-000-0003');
INSERT INTO BORROWER VALUES
    ('00000004','Name4','Adress4','000-000-0004');
INSERT INTO BORROWER VALUES
    ('00000005','Name5','Adress5','000-000-0005');
INSERT INTO BORROWER VALUES
    ('00000006','Name6','Adress6','000-000-0006');
INSERT INTO BORROWER VALUES
    ('00000007','Name7','Adress7','000-000-0007');
INSERT INTO BORROWER VALUES
    ('00000008','Name8','Adress8','000-000-0008');
INSERT INTO BORROWER VALUES
    ('00000009','Name9','Adress9','000-000-0009');
INSERT INTO BORROWER VALUES
    ('00000010','Name10','Adress10','000-000-0010');
    
--lIBRARY BRANCH INSERTS
INSERT INTO LIBRARY_BRANCH VALUES 
    ('0001','Branch1','Address1');
INSERT INTO LIBRARY_BRANCH VALUES 
    ('0002','Branch2','Address2');
INSERT INTO LIBRARY_BRANCH VALUES 
    ('0003','Branch3','Address3');
INSERT INTO LIBRARY_BRANCH VALUES 
    ('0004','Branch4','Address4');
INSERT INTO LIBRARY_BRANCH VALUES 
    ('0005','Branch5','Address5');
INSERT INTO LIBRARY_BRANCH VALUES 
    ('0006','Branch6','Address6');
INSERT INTO LIBRARY_BRANCH VALUES 
    ('0007','Branch7','Address7');
INSERT INTO LIBRARY_BRANCH VALUES 
    ('0008','Branch8','Address8');
INSERT INTO LIBRARY_BRANCH VALUES 
    ('0009','Branch9','Address9');
INSERT INTO LIBRARY_BRANCH VALUES 
    ('0010','Branch10','Address10');
    
INSERT INTO BOOK_COPIES VALUES
    ('0001','0001','01');
INSERT INTO BOOK_COPIES VALUES
    ('0002','0002','02');
INSERT INTO BOOK_COPIES VALUES
    ('0003','0003','03');
INSERT INTO BOOK_COPIES VALUES
    ('0004','0004','04');
INSERT INTO BOOK_COPIES VALUES
    ('0005','0005','05');
INSERT INTO BOOK_COPIES VALUES
    ('0006','0006','06');
INSERT INTO BOOK_COPIES VALUES
    ('0007','0007','07');
INSERT INTO BOOK_COPIES VALUES
    ('0008','0008','08');
INSERT INTO BOOK_COPIES VALUES
    ('0009','0009','09');
INSERT INTO BOOK_COPIES VALUES
    ('0010','0010','10');
    
    
INSERT INTO BOOK_LOANS VALUES
    ('0001','0001','00000001','01-JAN-1985',ADD_MONTHS('01-JAN-1985',1));
INSERT INTO BOOK_LOANS VALUES
    ('0002','0002','00000002','03-OCT-2018',ADD_MONTHS('03-OCT-2018',1));
INSERT INTO BOOK_LOANS VALUES
    ('0003','0003','00000003','03-OCT-2018',ADD_MONTHS('03-OCT-2018',1));
INSERT INTO BOOK_LOANS VALUES
    ('0004','0004','00000004','03-OCT-2018',ADD_MONTHS('03-OCT-2018',1));
INSERT INTO BOOK_LOANS VALUES
    ('0005','0005','00000005','03-OCT-2018',ADD_MONTHS('03-OCT-2018',1));
INSERT INTO BOOK_LOANS VALUES
    ('0006','0006','00000006','03-OCT-2018',ADD_MONTHS('03-OCT-2018',1));
INSERT INTO BOOK_LOANS VALUES
    ('0007','0007','00000007','03-OCT-2018',ADD_MONTHS('03-OCT-2018',1));
INSERT INTO BOOK_LOANS VALUES
    ('0008','0008','00000008','03-OCT-2018',ADD_MONTHS('03-OCT-2018',1));
INSERT INTO BOOK_LOANS VALUES
    ('0009','0009','00000009','03-OCT-2018',ADD_MONTHS('03-OCT-2018',1));
INSERT INTO BOOK_LOANS VALUES
    ('0010','0010','00000010','03-OCT-2018',ADD_MONTHS('03-OCT-2018',1));